id,location,name,login
1,KP,Lacie,lacie@mail.com
2,US,Pamella,uspamella@mail.com
3,CY,Korrie,cykorrie@mail.com
4,NI,Korrie,nikorrie@mail.com
5,BT,Queenie,queenie@mail.com
6,AW,Donnie,donnie@mail.com
7,GP,Pamella,gppamella@mail.com
8,KP,Pamella,kppamella@mail.com
9,LC,Pamella,lcpamella@mail.com
10,GM,Ericka,ericka@mail.com
